{
  "epoch": [
    1,
    2,
    3,
    4,
    5,
    6,
    7,
    8,
    9,
    10,
    11,
    12,
    13,
    14
  ],
  "train_loss": [
    0.406645,
    0.396627,
    0.394059,
    0.392201,
    0.391264,
    0.390163,
    0.389212,
    0.388393,
    0.38753,
    0.386634,
    0.385973,
    0.385217,
    0.384543,
    0.38236
  ],
  "val_loss": [
    0.401922,
    0.398556,
    0.397426,
    0.397093,
    0.396264,
    0.395323,
    0.395597,
    0.395132,
    0.396015,
    0.394543,
    0.394649,
    0.396022,
    0.395589,
    0.395806
  ],
  "val_pr_auc": [
    0.577557,
    0.591462,
    0.594694,
    0.597633,
    0.598109,
    0.599935,
    0.599629,
    0.601411,
    0.601549,
    0.603294,
    0.603008,
    0.601657,
    0.601019,
    0.601806
  ]
}