{
    "fraction_of_positives": [
        0.12,
        0.1875,
        0.3058823529411765,
        0.32,
        0.41216216216216217,
        0.5163934426229508,
        0.6408045977011494,
        0.766497461928934,
        0.8561278863232682,
        0.9429920116194626
    ],
    "mean_predicted_value": [
        0.07023024035536456,
        0.15546202332601258,
        0.25328740999004595,
        0.3528120589679582,
        0.454073067087579,
        0.5565930035648305,
        0.654125982469268,
        0.7550361090774195,
        0.8599944932888026,
        0.9418417731643859
    ]
}