{
    "recency_days": {
        "count": 109378.0,
        "mean": -8.381673274215213e-15,
        "std": 1.000004571334524,
        "min": -1.601330746402731,
        "25%": -0.8762778098663455,
        "50%": 0.005165354299688649,
        "75%": 0.7794106427161714,
        "max": 1.9420711836640812
    },
    "tenure_days": {
        "count": 109378.0,
        "mean": -2.419709248806178e-15,
        "std": 1.0000045713342307,
        "min": -0.5706567228368378,
        "25%": -0.5706567228368378,
        "50%": -0.5704361608689523,
        "75%": 0.06747484137997753,
        "max": 2.7565506469009162
    },
    "ndays": {
        "count": 109378.0,
        "mean": -7.06787924909021e-17,
        "std": 1.0000045713317818,
        "min": -0.3818932057895299,
        "25%": -0.3818932057895299,
        "50%": -0.3818932057895299,
        "75%": -0.03986353919234991,
        "max": 17.403649457263832
    },
    "n_events": {
        "count": 109378.0,
        "mean": 2.286666815882127e-17,
        "std": 1.0000045713352,
        "min": -0.22951374061592147,
        "25%": -0.22951374061592147,
        "50%": -0.21737720913801295,
        "75%": -0.150626286009516,
        "max": 149.456397242169
    },
    "n_view": {
        "count": 109378.0,
        "mean": 9.354546064972337e-18,
        "std": 1.000004571333474,
        "min": -0.18349386824532182,
        "25%": -0.17247335649602216,
        "50%": -0.1614528447467225,
        "75%": -0.09532977425092455,
        "max": 215.90670051202238
    },
    "n_cart": {
        "count": 109378.0,
        "mean": -1.6630304115506377e-17,
        "std": 1.000004571336491,
        "min": -0.23984764198496808,
        "25%": -0.23984764198496808,
        "50%": -0.23984764198496808,
        "75%": -0.17180614892155505,
        "max": 81.40994403411065
    },
    "n_remove_from_cart": {
        "count": 109378.0,
        "mean": 3.378030523462233e-17,
        "std": 1.000004571333724,
        "min": -0.17235350219114537,
        "25%": -0.17235350219114537,
        "50%": -0.17235350219114537,
        "75%": -0.17235350219114537,
        "max": 78.83541933869975
    },
    "n_purchase": {
        "count": 109378.0,
        "mean": 2.182727415160212e-17,
        "std": 1.0000045713346781,
        "min": -0.2269326827416342,
        "25%": -0.2269326827416342,
        "50%": -0.2269326827416342,
        "75%": -0.2269326827416342,
        "max": 38.73778316304668
    },
    "avg_price": {
        "count": 109378.0,
        "mean": -2.6702032045459925e-15,
        "std": 1.0000045713345422,
        "min": -0.5821946881967334,
        "25%": -0.43096131410658217,
        "50%": -0.3312943429434602,
        "75%": -0.04634345164833776,
        "max": 11.897337319689438
    },
    "purch_amt": {
        "count": 109378.0,
        "mean": 2.910303220213616e-17,
        "std": 1.0000045713393544,
        "min": -0.26235831108576607,
        "25%": -0.21767004295093625,
        "50%": -0.21767004295093625,
        "75%": -0.21767004295093625,
        "max": 58.86247041371967
    },
    "min_price": {
        "count": 109378.0,
        "mean": 9.354546064972337e-18,
        "std": 1.0000045713345913,
        "min": -2.4547973069985685,
        "25%": -0.400123902521891,
        "50%": -0.2894585141741151,
        "75%": -0.08369663836788235,
        "max": 13.34131998989412
    },
    "max_price": {
        "count": 109378.0,
        "mean": -1.455151610106808e-17,
        "std": 1.0000045713345187,
        "min": -0.6212774852960076,
        "25%": -0.5168771637387689,
        "50%": -0.38418514923270475,
        "75%": -0.0046381393064644175,
        "max": 5.909321516101965
    },
    "std_price": {
        "count": 109378.0,
        "mean": 6.48166102901861e-15,
        "std": 1.0000045713326255,
        "min": -0.42678718558970474,
        "25%": -0.42678718558970474,
        "50%": -0.39991502500600284,
        "75%": -0.04716671746637375,
        "max": 12.969407505524716
    },
    "purchase_avg_price": {
        "count": 109378.0,
        "mean": 4.2095457292375514e-17,
        "std": 1.0000045713332664,
        "min": -0.47205710170146603,
        "25%": -0.20939507575763391,
        "50%": -0.20939507575763391,
        "75%": -0.20939507575763391,
        "max": 45.688033234959384
    },
    "remove_ratio": {
        "count": 109378.0,
        "mean": -1.5715637389153527e-15,
        "std": 1.000004571334366,
        "min": -0.20620963590947192,
        "25%": -0.20620963590947192,
        "50%": -0.20620963590947192,
        "75%": -0.20620963590947192,
        "max": 124.83960091101495
    },
    "cart_purchase_ratio": {
        "count": 109378.0,
        "mean": 7.62915201298855e-16,
        "std": 1.000004571335176,
        "min": -0.15740685338108945,
        "25%": -0.15740685338108945,
        "50%": -0.15740685338108945,
        "75%": -0.15740685338108945,
        "max": 110.28865714000517
    },
    "n_categories": {
        "count": 109378.0,
        "mean": -4.157576028876594e-18,
        "std": 1.0000045713338204,
        "min": -0.4006728320110681,
        "25%": -0.4006728320110681,
        "50%": -0.4006728320110681,
        "75%": -0.1393027491930493,
        "max": 28.350036277971
    },
    "cat_entropy": {
        "count": 109378.0,
        "mean": 7.825181722750082e-14,
        "std": 1.0000045713330858,
        "min": -0.7209789728023658,
        "25%": -0.7209789728023658,
        "50%": -0.7209789728023658,
        "75%": 0.5283065457801112,
        "max": 4.443452303028056
    },
    "n_brands": {
        "count": 109378.0,
        "mean": 2.0787880144382972e-17,
        "std": 1.0000045713343901,
        "min": -0.456811383650594,
        "25%": -0.456811383650594,
        "50%": -0.456811383650594,
        "75%": 0.039828478527744716,
        "max": 25.699554691075246
    },
    "brand_loyalty": {
        "count": 109378.0,
        "mean": -7.132321677537798e-14,
        "std": 1.0000045713344954,
        "min": -2.6822369036233917,
        "25%": -1.0292333916966339,
        "50%": 0.8046291468270148,
        "75%": 0.8046291468270148,
        "max": 0.8046291468270148
    },
    "n_sessions": {
        "count": 109378.0,
        "mean": 4.9371215342909554e-18,
        "std": 1.0000045713335608,
        "min": -0.08781071005554453,
        "25%": -0.08781071005554453,
        "50%": -0.07151303893156397,
        "75%": -0.038917696683602836,
        "max": 271.65955761119636
    },
    "events_per_session": {
        "count": 109378.0,
        "mean": 6.667712556310838e-16,
        "std": 1.0000045713366255,
        "min": -0.14587163099721598,
        "25%": -0.14587163099721598,
        "50%": -0.140267434656209,
        "75%": -0.04499609685909043,
        "max": 139.39861726007646
    }
}