{
    "bins": [
        0.0,
        0.01,
        0.02,
        0.03,
        0.04,
        0.05,
        0.06,
        0.07,
        0.08,
        0.09,
        0.1,
        0.11,
        0.12,
        0.13,
        0.14,
        0.15,
        0.16,
        0.17,
        0.18,
        0.19,
        0.2,
        0.21,
        0.22,
        0.23,
        0.24,
        0.25,
        0.26,
        0.27,
        0.28,
        0.29,
        0.3,
        0.31,
        0.32,
        0.33,
        0.34,
        0.35000000000000003,
        0.36,
        0.37,
        0.38,
        0.39,
        0.4,
        0.41000000000000003,
        0.42,
        0.43,
        0.44,
        0.45,
        0.46,
        0.47000000000000003,
        0.48,
        0.49,
        0.5,
        0.51,
        0.52,
        0.53,
        0.54,
        0.55,
        0.56,
        0.5700000000000001,
        0.58,
        0.59,
        0.6,
        0.61,
        0.62,
        0.63,
        0.64,
        0.65,
        0.66,
        0.67,
        0.68,
        0.6900000000000001,
        0.7000000000000001,
        0.71,
        0.72,
        0.73,
        0.74,
        0.75,
        0.76,
        0.77,
        0.78,
        0.79,
        0.8,
        0.81,
        0.8200000000000001,
        0.8300000000000001,
        0.84,
        0.85,
        0.86,
        0.87,
        0.88,
        0.89,
        0.9,
        0.91,
        0.92,
        0.93,
        0.9400000000000001,
        0.9500000000000001,
        0.96,
        0.97,
        0.98,
        0.99,
        1.0
    ],
    "counts": [
        0,
        1,
        1,
        1,
        2,
        3,
        3,
        3,
        5,
        6,
        5,
        2,
        4,
        4,
        7,
        4,
        3,
        3,
        10,
        6,
        6,
        8,
        8,
        7,
        7,
        8,
        14,
        11,
        9,
        7,
        8,
        10,
        7,
        7,
        15,
        11,
        10,
        11,
        12,
        9,
        11,
        10,
        14,
        17,
        19,
        11,
        14,
        15,
        17,
        20,
        21,
        18,
        13,
        22,
        24,
        21,
        29,
        27,
        39,
        30,
        30,
        22,
        30,
        36,
        31,
        36,
        44,
        40,
        37,
        42,
        44,
        43,
        47,
        56,
        66,
        57,
        59,
        75,
        73,
        71,
        73,
        88,
        57,
        89,
        82,
        109,
        118,
        151,
        155,
        204,
        254,
        217,
        261,
        203,
        566,
        808,
        445,
        0,
        0,
        0
    ]
}