{
  "threshold": [
    0.1,
    0.11,
    0.12,
    0.13,
    0.14,
    0.15,
    0.16,
    0.17,
    0.18,
    0.19,
    0.2,
    0.21,
    0.22,
    0.23,
    0.24,
    0.25,
    0.26,
    0.27,
    0.28,
    0.29,
    0.3,
    0.31,
    0.32,
    0.33,
    0.34,
    0.35,
    0.36,
    0.37,
    0.38,
    0.39,
    0.4,
    0.41,
    0.42,
    0.43,
    0.44,
    0.45,
    0.46,
    0.47,
    0.48,
    0.49,
    0.5,
    0.51,
    0.52,
    0.53,
    0.54,
    0.55,
    0.56,
    0.57,
    0.58,
    0.59,
    0.6,
    0.61,
    0.62,
    0.63,
    0.64,
    0.65,
    0.66,
    0.67,
    0.68,
    0.69,
    0.7,
    0.71,
    0.72,
    0.73,
    0.74,
    0.75,
    0.76,
    0.77,
    0.78,
    0.79,
    0.8,
    0.81,
    0.82,
    0.83,
    0.84,
    0.85,
    0.86,
    0.87,
    0.88,
    0.89,
    0.9
  ],
  "precision": [
    0.8335521996060407,
    0.8337270712285535,
    0.8339476661435714,
    0.8342368983078692,
    0.8344821919309041,
    0.8348450387745595,
    0.8352357365453332,
    0.835515368721315,
    0.8357982347830064,
    0.8360981233587396,
    0.8364565119876964,
    0.8369227668715591,
    0.8373557476374236,
    0.8378646119977986,
    0.838434281307948,
    0.8390010382880193,
    0.8394847180845195,
    0.8400346030314464,
    0.8405990660317402,
    0.8412221341249793,
    0.8417643259204577,
    0.8424509477884935,
    0.8432,
    0.8438249372725842,
    0.8447658785350023,
    0.8455375131140388,
    0.8462296422993977,
    0.8470446949737938,
    0.8477498974684017,
    0.8485363303711448,
    0.8492222263769958,
    0.8499887653072689,
    0.8509702409423858,
    0.8517965337466535,
    0.8529863039487928,
    0.8538782208473233,
    0.854768137444834,
    0.8559466525215019,
    0.8569841631536972,
    0.8580033113212934,
    0.8590243669829765,
    0.8603279315454849,
    0.8614418560061355,
    0.8625411049787504,
    0.8636951028989142,
    0.8649124504208184,
    0.8663501403007972,
    0.8677112566261304,
    0.8689692285113253,
    0.870457313479747,
    0.8720422153178478,
    0.8736899455175829,
    0.8752898788729311,
    0.8767510924016838,
    0.8782671610744325,
    0.8798601921347974,
    0.8814254947376976,
    0.8833130627638155,
    0.8849542963488489,
    0.8869307709830396,
    0.8886733619080395,
    0.8905747609540822,
    0.8925210867630229,
    0.8944791833680723,
    0.8965788820679909,
    0.8986417249874638,
    0.9008527610065665,
    0.9030146214157456,
    0.9051286974396042,
    0.9074483311387187,
    0.9097848313040245,
    0.9122108546180564,
    0.9143558046129056,
    0.9165838638844932,
    0.9191490962910933,
    0.9217183402745642,
    0.9241054340509219,
    0.9264431903175359,
    0.9294087701684178,
    0.9327021532343034,
    0.9353274050121261
  ],
  "recall": [
    0.9999671797564738,
    0.9999671797564738,
    0.9999671797564738,
    0.9999671797564738,
    0.9999234194317722,
    0.9999015392694214,
    0.9998577789447197,
    0.9997811983764919,
    0.999726497970615,
    0.9996827376459133,
    0.9996170971588609,
    0.9994967562659315,
    0.9994092356165283,
    0.9993107748859497,
    0.9992013740741956,
    0.9989497522071614,
    0.9988184712330566,
    0.9985996696095485,
    0.9984246283107421,
    0.9982167667684094,
    0.9979760849825505,
    0.9977025829531655,
    0.997418140842605,
    0.9970680582449922,
    0.9967289157285547,
    0.9963350728062402,
    0.9959193497215749,
    0.995405165906331,
    0.9950003829028411,
    0.9944752590064219,
    0.9938297942170731,
    0.9932390298336014,
    0.9926263852877788,
    0.9920246808231317,
    0.9913573358714322,
    0.9904602492150492,
    0.9895194022339646,
    0.9885894953340554,
    0.9874626669729889,
    0.9864780596672027,
    0.9854059317120133,
    0.9844541446497533,
    0.9830428741781264,
    0.9813909219206407,
    0.979793670069032,
    0.97810889756802,
    0.9761615631187983,
    0.9741923485072259,
    0.9716214294310064,
    0.9695428140076799,
    0.96723445687967,
    0.9649042195893094,
    0.9621035588084064,
    0.9592591377028018,
    0.9561521546489875,
    0.9528810703775422,
    0.949205203102607,
    0.945507455665321,
    0.941590906604527,
    0.9371054733226121,
    0.9322480772807334,
    0.9272375201023991,
    0.9214720973229621,
    0.9154988130011925,
    0.9091535659194592,
    0.9018565317754658,
    0.8945157373067708,
    0.8857855525287998,
    0.8767490454779174,
    0.8670233133129848,
    0.8566849366022296,
    0.8447383679586903,
    0.831840012252891,
    0.8174319253448861,
    0.8017000886146575,
    0.7844694607633989,
    0.7659479033334428,
    0.7453039701554586,
    0.7190368352533176,
    0.6876059820363867,
    0.6581990438369053
  ],
  "f1": [
    0.9092075618089852,
    0.9093115797851173,
    0.9094427668137565,
    0.9096147243659596,
    0.9097424055420631,
    0.9099489262566829,
    0.9101628242792411,
    0.9102970839455139,
    0.9104422592183001,
    0.9106019990234083,
    0.9107872650066785,
    0.911013611208057,
    0.911233691098432,
    0.9114939603945577,
    0.9117854058829695,
    0.9120155813024371,
    0.9122465190869441,
    0.9124797568826599,
    0.9127395287434492,
    0.9130197675523958,
    0.9132382606606366,
    0.9135275644974682,
    0.9138484052683279,
    0.9140682198842609,
    0.9144772831067416,
    0.9147632535808272,
    0.9149927380731018,
    0.9152516798776807,
    0.9154918944491698,
    0.9157277054423654,
    0.915852988471562,
    0.9160474021158416,
    0.9163561076604555,
    0.9165782211844619,
    0.9169812084475971,
    0.9171119608985235,
    0.917221027866791,
    0.9174988196711324,
    0.9176083077908413,
    0.917766321799889,
    0.9178852758047915,
    0.918215120253875,
    0.9182339806966181,
    0.91813580746025,
    0.9180885797612519,
    0.9180344701889853,
    0.9179835390946502,
    0.9178739479773851,
    0.9174328037518336,
    0.9173321464245234,
    0.9171749865139632,
    0.9170344723612865,
    0.9166458203043569,
    0.9161512099302044,
    0.9155562539283469,
    0.9149159663865546,
    0.9140605658359803,
    0.9133527080581242,
    0.9123945214773354,
    0.9113280314918744,
    0.9099393473432428,
    0.9085364219598343,
    0.9067655655375473,
    0.9048669456428888,
    0.9028224404658439,
    0.9002462583473936,
    0.8976730654165591,
    0.8943171149279284,
    0.8907128726076422,
    0.8867753521835943,
    0.8824367953391669,
    0.8771790313144338,
    0.8711482828745739,
    0.8641731145114095,
    0.8564166092068204,
    0.8475736245811244,
    0.83762636836753,
    0.8260600696002232,
    0.8107991413979423,
    0.7916168117183269,
    0.7726656863437594
  ]
}
