{
  "prob_pred": [
    0.08570482676812247,
    0.15869263923201715,
    0.25360420011851514,
    0.35300902426957514,
    0.45350042830448156,
    0.5536016100441793,
    0.6535333912740496,
    0.7541225043765409,
    0.8591586610506833,
    0.9354841391727994
  ],
  "prob_true": [
    0.0392156862745098,
    0.09845288326300984,
    0.22300635144671843,
    0.32709832134292566,
    0.4546050475254015,
    0.5526952695269527,
    0.6602897735265156,
    0.7677199720670391,
    0.8721692956426675,
    0.9424942736363806
  ],
  "count": [
    51,
    711,
    1417,
    2085,
    3051,
    4545,
    7109,
    11456,
    25612,
    53699
  ]
}