{
  "top_percent": [
    1,
    5,
    10,
    20,
    30
  ],
  "capture_rate": [
    0.01149802531534784,
    0.05758858730731782,
    0.11484897217937357,
    0.22926034111173105,
    0.34290590436181034
  ],
  "lift": [
    1.150179859621705,
    1.1519397041115254,
    1.1485525208307426,
    1.1463121516488322,
    1.1430474581120176
  ]
}