{
  "model_name": "XGBoost_Churn_v2",
  "model_key": "xgboost",
  "model_type": "tree",
  "label_name": "churn",
  "horizon_days": 7,
  "n_train": 109378,
  "n_test": 109736,
  "positive_rate": 0.8329718597360939,
  "roc_auc": 0.7909151907806877,
  "pr_auc": 0.9360871278796112,
  "best_threshold": 0.45,
  "precision": 0.8621587350381371,
  "recall": 0.981861345411183,
  "f1": 0.9181248561417866,
  "confusion_matrix": {
    "tn": 3980,
    "fp": 14349,
    "fn": 1658,
    "tp": 89749
  }
}