{
  "feature": [
    "ndays",
    "n_view",
    "n_categories",
    "n_sessions",
    "n_events",
    "tenure_days",
    "recency_days",
    "std_price",
    "n_remove_from_cart",
    "n_brands",
    "cart_purchase_ratio",
    "n_cart",
    "cat_entropy",
    "events_per_session",
    "max_price",
    "purchase_avg_price",
    "brand_loyalty",
    "remove_ratio",
    "purch_amt",
    "avg_price",
    "min_price",
    "n_purchase"
  ],
  "mean_abs_shap": [
    0.3023488521575928,
    0.2368922084569931,
    0.10564800351858139,
    0.08713965117931366,
    0.0831737220287323,
    0.062189482152462006,
    0.03613348677754402,
    0.011873717419803143,
    0.00898630078881979,
    0.008959637954831123,
    0.00738896057009697,
    0.007167825475335121,
    0.006708430126309395,
    0.004825308918952942,
    0.004686878062784672,
    0.004628951195627451,
    0.004212584812194109,
    0.003969438839703798,
    0.0037696303334087133,
    0.003573187394067645,
    0.0031762756407260895,
    0.002547442214563489
  ],
  "rank": [
    1,
    2,
    3,
    4,
    5,
    6,
    7,
    8,
    9,
    10,
    11,
    12,
    13,
    14,
    15,
    16,
    17,
    18,
    19,
    20,
    21,
    22
  ],
  "note": "feature_importances_(gain) proxy; replace with TreeSHAP if shap installed"
}