{
  "threshold": [
    0.05,
    0.1,
    0.15,
    0.2,
    0.25,
    0.3,
    0.35,
    0.4,
    0.45,
    0.5,
    0.55,
    0.6,
    0.65,
    0.7,
    0.75,
    0.8,
    0.85,
    0.9,
    0.95
  ],
  "precision": [
    0.8329718597360939,
    0.8333409308474268,
    0.8351945607076928,
    0.8381357020940775,
    0.8419915817456801,
    0.8462396682689178,
    0.8511636196497415,
    0.8565021996359223,
    0.8621587350381371,
    0.8684742386815204,
    0.8757158935845974,
    0.8831378478891658,
    0.8915520172317308,
    0.9005916247094208,
    0.9102114113133621,
    0.9197841409136185,
    0.9303144401011727,
    0.9424942736363806,
    0.9568956994562531
  ],
  "recall": [
    1.0,
    0.9999781198376492,
    0.999835898782369,
    0.999212314155371,
    0.997932324657849,
    0.9957552485039439,
    0.9927029658560067,
    0.9882941131423195,
    0.981861345411183,
    0.9731202205520365,
    0.9618628770225475,
    0.9456387366394259,
    0.9237585742886212,
    0.8942859956020873,
    0.853949916308379,
    0.7980679816644239,
    0.7082061548896693,
    0.5536884483682869,
    0.10588904569671907
  ],
  "f1": [
    0.9088757749461825,
    0.9090863883197741,
    0.9101293114179443,
    0.9116133765177337,
    0.9133536594523963,
    0.9149293339498603,
    0.9165008534750069,
    0.9176905612076453,
    0.9181248561417866,
    0.9178240501888272,
    0.9167700697579846,
    0.9133202664792929,
    0.9073695974553504,
    0.8974277339247093,
    0.8811835361585876,
    0.8546140418702187,
    0.8042064463230864,
    0.6975728088431905,
    0.1906778826264258
  ]
}