{
  "epoch": [
    1,
    2,
    3,
    4,
    5,
    6,
    7,
    8,
    9,
    10,
    11,
    12,
    13,
    14,
    15,
    16,
    17,
    18,
    19,
    20,
    21,
    22,
    23,
    24,
    25,
    26,
    27,
    28,
    29,
    30,
    31,
    32,
    33,
    34,
    35,
    36,
    37,
    38,
    39,
    40,
    41,
    42,
    43,
    44,
    45,
    46,
    47,
    48,
    49,
    50,
    51,
    52,
    53,
    54,
    55,
    56,
    57,
    58,
    59,
    60,
    61,
    62,
    63,
    64,
    65,
    66,
    67,
    68,
    69,
    70,
    71,
    72,
    73,
    74,
    75,
    76,
    77,
    78,
    79,
    80,
    81,
    82,
    83,
    84,
    85,
    86,
    87,
    88,
    89,
    90,
    91,
    92,
    93,
    94,
    95,
    96,
    97,
    98,
    99,
    100,
    101,
    102,
    103,
    104,
    105,
    106,
    107,
    108,
    109,
    110,
    111,
    112,
    113,
    114,
    115,
    116,
    117,
    118,
    119,
    120,
    121,
    122,
    123,
    124,
    125,
    126,
    127,
    128,
    129,
    130,
    131,
    132,
    133,
    134,
    135,
    136,
    137,
    138,
    139,
    140,
    141,
    142,
    143,
    144,
    145,
    146,
    147,
    148,
    149,
    150,
    151,
    152,
    153,
    154,
    155,
    156,
    157,
    158,
    159,
    160,
    161,
    162,
    163,
    164,
    165,
    166,
    167,
    168,
    169,
    170,
    171,
    172,
    173,
    174,
    175,
    176,
    177,
    178,
    179,
    180,
    181,
    182,
    183,
    184,
    185,
    186,
    187,
    188,
    189,
    190,
    191,
    192,
    193,
    194,
    195,
    196,
    197,
    198,
    199,
    200,
    201,
    202,
    203,
    204,
    205,
    206,
    207,
    208,
    209,
    210,
    211,
    212,
    213,
    214,
    215,
    216,
    217,
    218,
    219,
    220,
    221,
    222,
    223,
    224,
    225,
    226,
    227,
    228,
    229,
    230,
    231,
    232,
    233,
    234,
    235,
    236,
    237,
    238,
    239,
    240,
    241,
    242,
    243,
    244,
    245,
    246,
    247,
    248,
    249,
    250
  ],
  "train_loss": [
    0.472901649624488,
    0.46397197365294335,
    0.45586819647511106,
    0.4487665669936403,
    0.442377035758565,
    0.436670056392495,
    0.4315550912828734,
    0.42696813074593465,
    0.4229051094337979,
    0.41911442100224655,
    0.41568945109564653,
    0.41251708539132476,
    0.4096254580548877,
    0.40701747650249637,
    0.4046325461644402,
    0.4024638151168413,
    0.4004380407314236,
    0.3986086636934549,
    0.39695967725508785,
    0.39541688088266547,
    0.3940080485745648,
    0.3927083341731931,
    0.3915117815262655,
    0.39043585127934965,
    0.3894269697629172,
    0.3884960273175668,
    0.38763056648385114,
    0.3868287914110916,
    0.3860667824733462,
    0.3853516947178951,
    0.3847157182636333,
    0.38416235125739867,
    0.38363673288508854,
    0.38314990515325686,
    0.38266951748925365,
    0.3822118550146386,
    0.38175054529138597,
    0.3813732725331798,
    0.38101428623557076,
    0.3806618630142096,
    0.3803393038165445,
    0.3800019919456766,
    0.37964154768044933,
    0.3793269944855072,
    0.37908546577659313,
    0.37884809454709995,
    0.37864593649932726,
    0.3784092891668498,
    0.37820400059243336,
    0.3779695505462386,
    0.3777671479392782,
    0.37756209701098586,
    0.37737834244727003,
    0.3772383065570244,
    0.37708261748303273,
    0.3769506093788776,
    0.37681714237222247,
    0.3766456878096079,
    0.3765186820356739,
    0.3764050415010838,
    0.37629626317623716,
    0.376166949204662,
    0.3760421193696988,
    0.37596202933361367,
    0.3758634039069358,
    0.375748748825339,
    0.3756661292395892,
    0.37560145082977214,
    0.3755363914977316,
    0.37543686442468155,
    0.3753585438686895,
    0.3753001847199826,
    0.375218456327361,
    0.37514995754947766,
    0.37508634437565547,
    0.37505227147642023,
    0.37496589956608145,
    0.3749203989703388,
    0.3748764862076706,
    0.3748388780471439,
    0.3747919220015504,
    0.37474354672801335,
    0.3746879118213857,
    0.3746484400990836,
    0.3745675909971075,
    0.3745195540356362,
    0.3744685630921134,
    0.37441790949668846,
    0.3743763007353711,
    0.37433045368395235,
    0.3742817420027508,
    0.3742497028192145,
    0.3742020430923455,
    0.37416892915530353,
    0.374135356315036,
    0.37409122922365645,
    0.374023087893266,
    0.37396677065597844,
    0.3739376519098855,
    0.3739014365426182,
    0.37386066547919494,
    0.37385236999517685,
    0.37383156110083327,
    0.3738048960776601,
    0.3737632664057336,
    0.37374534788688035,
    0.3737170877992209,
    0.3736754618582385,
    0.37364753547264157,
    0.3736188752224983,
    0.37358581701103505,
    0.37356635480835104,
    0.37353396557793805,
    0.37349630745299145,
    0.3734679184443962,
    0.37342623287741405,
    0.373391188363118,
    0.37336679912676346,
    0.37334948615620167,
    0.37333131658037677,
    0.37330485902646,
    0.37328345683418485,
    0.3732512972391152,
    0.37322143233210253,
    0.37318961852287336,
    0.37316094717199305,
    0.37312531314132097,
    0.3731074858050596,
    0.373079720134381,
    0.37306444276944445,
    0.37305668786977475,
    0.3730039392679221,
    0.372993563962484,
    0.3729755118581974,
    0.37294898459120374,
    0.37292772372989236,
    0.37291296500793764,
    0.3729051001279425,
    0.372884075487528,
    0.3728718105156607,
    0.3728344959407605,
    0.3728364271352293,
    0.3728119016050806,
    0.3727732846987592,
    0.372750671076533,
    0.37272121878453746,
    0.37271325560133206,
    0.3726999933687614,
    0.37266292608106166,
    0.37264756735931076,
    0.37264602770603994,
    0.3726233247508905,
    0.3726183510751059,
    0.3726021348082375,
    0.37259924551741985,
    0.37257900338138833,
    0.37256764423212285,
    0.37256177432028453,
    0.37253338423137616,
    0.3724909236515645,
    0.37247228369161195,
    0.3724614282118602,
    0.3724336915961504,
    0.37241319844647014,
    0.3724007103421863,
    0.3723946734727466,
    0.3723634708048872,
    0.37233972612634697,
    0.3723219303222917,
    0.37230944753793416,
    0.3722875917800703,
    0.37227816537311276,
    0.372267481970316,
    0.372257275005746,
    0.3722179742133986,
    0.37220667568955607,
    0.37218714439662964,
    0.37216498158221195,
    0.3721408473334602,
    0.3721234618833904,
    0.37212582257166543,
    0.37211913083574716,
    0.3721060853490794,
    0.37210483180357334,
    0.3720920840171493,
    0.3720767435361333,
    0.37204234344028275,
    0.37203010451016255,
    0.37201326061181506,
    0.3719956445660442,
    0.37198041344272353,
    0.37197429560947465,
    0.3719532805846264,
    0.37193148124697184,
    0.37193159213224125,
    0.37190313118710433,
    0.3718911813788902,
    0.37187043185742086,
    0.3718628004880205,
    0.3718412475090536,
    0.37183683060674855,
    0.3718140215654619,
    0.37178927684136137,
    0.3718056380327441,
    0.3717998329376464,
    0.371779766850242,
    0.37175068746951895,
    0.371754887054175,
    0.3717497277249255,
    0.3717382015576382,
    0.37170871958082335,
    0.3717024154132389,
    0.3716716681436075,
    0.3716459058643534,
    0.37164408865556636,
    0.3716332033470285,
    0.37160864409846933,
    0.3715926863925915,
    0.3715675758634981,
    0.37156326199558803,
    0.3715398804173583,
    0.3715108969162509,
    0.37148970828990485,
    0.37148809315875403,
    0.3714729966247858,
    0.3714613241663723,
    0.37144895923913335,
    0.3714344108456765,
    0.3714240044686445,
    0.3714147851527877,
    0.3713927569572174,
    0.3713610857175706,
    0.371336776747704,
    0.37132821139256433,
    0.3713054063625262,
    0.37128858663766096,
    0.3712901155358241,
    0.37127418538387286,
