{
  "model_name": "SessionBounce_LogReg_baseline",
  "label_name": "churn30",
  "horizon_minutes": 30,
  "n_train": 853031,
  "n_test": 179163,
  "positive_rate": 0.21803050853133737,
  "roc_auc": 0.7984033628723586,
  "pr_auc": 0.5288382322078604,
  "brier": 0.17719472522845114,
  "threshold": 0.58,
  "precision": 0.5208740824868026,
  "recall": 0.6340014847809948,
  "f1": 0.571897009583189,
  "confusion_matrix": {
    "tn": 117319,
    "fp": 22781,
    "fn": 14297,
    "tp": 24766
  },
  "first_event_bounce_recall": 1.0
}