{
  "prob_pred": [
    0.08538813715179762,
    0.158552796636119,
    0.25358054961714227,
    0.354852342036333,
    0.45340636800345896,
    0.5532312403618653,
    0.6538021743732767,
    0.7536653170947326,
    0.8580108410423899,
    0.9351592661517579
  ],
  "prob_true": [
    0.02666666666666667,
    0.11548556430446194,
    0.22434017595307917,
    0.338100102145046,
    0.4394817592908285,
    0.5510029876227059,
    0.6608348257335721,
    0.7686714542190305,
    0.869429119223696,
    0.9425206473834302
  ],
  "count": [
    75,
    762,
    1364,
    1958,
    2933,
    4686,
    7259,
    11140,
    25557,
    54002
  ]
}