{
  "top_percent": [
    1,
    5,
    10,
    20,
    30
  ],
  "capture_rate": [
    0.011519905477698645,
    0.05759952738849322,
    0.11470675112409334,
    0.2291290601376262,
    0.34274180314417935
  ],
  "lift": [
    1.152368593893107,
    1.1521585376419416,
    1.147130232511939,
    1.1456557407965804,
    1.1425004407603179
  ]
}