{
  "model_name": "XGBoost_Churn_v2",
  "model_key": "xgboost",
  "model_type": "tree",
  "label_name": "churn",
  "horizon_days": 7,
  "n_train": 109378,
  "n_test": 109736,
  "positive_rate": 0.8329718597360939,
  "roc_auc": 0.7907243254891877,
  "pr_auc": 0.9360095054133931,
  "best_threshold": 0.45,
  "precision": 0.8613202389972091,
  "recall": 0.9825177502817071,
  "f1": 0.9179357713771745,
  "confusion_matrix": {
    "tn": 3869,
    "fp": 14460,
    "fn": 1598,
    "tp": 89809
  }
}