{
  "feature": [
    "ndays",
    "n_view",
    "n_categories",
    "n_sessions",
    "tenure_days",
    "n_events",
    "recency_days",
    "n_remove_from_cart",
    "std_price",
    "n_cart",
    "n_brands",
    "cart_purchase_ratio",
    "cat_entropy",
    "max_price",
    "events_per_session",
    "brand_loyalty",
    "avg_price",
    "remove_ratio",
    "min_price",
    "purch_amt",
    "n_purchase",
    "purchase_avg_price"
  ],
  "mean_abs_shap": [
    0.2985297441482544,
    0.27905648946762085,
    0.09725409001111984,
    0.07420355081558228,
    0.06870030611753464,
    0.06056131422519684,
    0.032753825187683105,
    0.018822386860847473,
    0.008565470576286316,
    0.008096359670162201,
    0.008064267225563526,
    0.006934856064617634,
    0.0061056665144860744,
    0.004898646846413612,
    0.004240004345774651,
    0.004217563662678003,
    0.003631476080045104,
    0.0034153987653553486,
    0.0033023469150066376,
    0.003300105920061469,
    0.00312026753090322,
    0.002225885633379221
  ],
  "rank": [
    1,
    2,
    3,
    4,
    5,
    6,
    7,
    8,
    9,
    10,
    11,
    12,
    13,
    14,
    15,
    16,
    17,
    18,
    19,
    20,
    21,
    22
  ],
  "note": "feature_importances_(gain) proxy; replace with TreeSHAP if shap installed"
}