{
  "threshold": [
    0.05,
    0.1,
    0.15,
    0.2,
    0.25,
    0.3,
    0.35,
    0.4,
    0.45,
    0.5,
    0.55,
    0.6,
    0.65,
    0.7,
    0.75,
    0.8,
    0.85,
    0.9,
    0.95
  ],
  "precision": [
    0.8329794504943728,
    0.8335233127547624,
    0.8354894449574416,
    0.8385476450656113,
    0.8422044102980829,
    0.8463384014506905,
    0.8506185567010309,
    0.8557640395161825,
    0.8613202389972091,
    0.867659093566112,
    0.8752088804010504,
    0.8828069172502501,
    0.8917504010808073,
    0.9005722224059802,
    0.9101526984497028,
    0.9190412146960117,
    0.9303548340755639,
    0.9425206473834302,
    0.9576057111477211
  ],
  "recall": [
    1.0,
    0.9999781198376492,
    0.9997593182141411,
    0.9990153926942138,
    0.9977791635213933,
    0.9956677278545407,
    0.9929327075606901,
    0.9884253941164244,
    0.9825177502817071,
    0.9743236294813308,
    0.9626177426236503,
    0.9460763398864419,
    0.9243055783473914,
    0.893596770488037,
    0.854223418337764,
    0.7999168553830669,
    0.7085015370814052,
    0.5568282516656273,
    0.09538656776833285
  ],
  "f1": [
    0.908880293523978,
    0.9091948992380687,
    0.910272628569721,
    0.9117749842740607,
    0.9134146891071062,
    0.9149500859547004,
    0.9162826149505066,
    0.9173232343743655,
    0.9179357713771745,
    0.9179030254932982,
    0.9168346852971976,
    0.9133472394581892,
    0.9077361926607969,
    0.8970709367071925,
    0.8813016021715944,
    0.8553513564100464,
    0.8044119565014874,
    0.7000667083880641,
    0.1734917223814072
  ]
}