{
  "epoch": [
    1,
    2,
    3,
    4,
    5,
    6,
    7,
    8,
    9,
    10,
    11,
    12,
    13,
    14,
    15,
    16,
    17,
    18,
    19,
    20,
    21,
    22,
    23,
    24,
    25,
    26,
    27,
    28,
    29,
    30,
    31,
    32,
    33,
    34,
    35,
    36,
    37,
    38,
    39,
    40,
    41,
    42,
    43,
    44,
    45,
    46,
    47,
    48,
    49,
    50,
    51,
    52,
    53,
    54,
    55,
    56,
    57,
    58,
    59,
    60,
    61,
    62,
    63,
    64,
    65,
    66,
    67,
    68,
    69,
    70,
    71,
    72,
    73,
    74,
    75,
    76,
    77,
    78,
    79,
    80,
    81,
    82,
    83,
    84,
    85,
    86,
    87,
    88,
    89,
    90,
    91,
    92,
    93,
    94,
    95,
    96,
    97,
    98,
    99,
    100,
    101,
    102,
    103,
    104,
    105,
    106,
    107,
    108,
    109,
    110,
    111,
    112,
    113,
    114,
    115,
    116,
    117,
    118,
    119,
    120,
    121,
    122,
    123,
    124,
    125,
    126,
    127,
    128,
    129,
    130,
    131,
    132,
    133,
    134,
    135,
    136,
    137,
    138,
    139,
    140,
    141,
    142,
    143,
    144,
    145,
    146,
    147,
    148,
    149,
    150,
    151,
    152,
    153,
    154,
    155,
    156,
    157,
    158,
    159,
    160,
    161,
    162,
    163,
    164,
    165,
    166,
    167,
    168,
    169,
    170,
    171,
    172,
    173,
    174,
    175,
    176,
    177,
    178,
    179,
    180,
    181,
    182,
    183,
    184,
    185,
    186,
    187,
    188,
    189,
    190,
    191,
    192,
    193,
    194,
    195,
    196,
    197,
    198,
    199,
    200,
    201,
    202,
    203,
    204,
    205,
    206,
    207,
    208,
    209,
    210,
    211,
    212,
    213,
    214,
    215,
    216,
    217,
    218,
    219,
    220
  ],
  "train_loss": [
    0.47283970556525046,
    0.46369756318635735,
    0.45569398267207467,
    0.44854961902834456,
    0.4421901554183951,
    0.4364808800990154,
    0.4313632160176965,
    0.42667674700037284,
    0.42248038378526764,
    0.4186430622712556,
    0.4151969986879138,
    0.4120242938852434,
    0.4091513645034752,
    0.4065265755122041,
    0.40417715257185644,
    0.4020143830125445,
    0.40001610475470467,
    0.3981643794253805,
    0.39646078658975525,
    0.3948973311865837,
    0.3934602649667286,
    0.39215810774989013,
    0.39095999957945365,
    0.389863581205484,
    0.38885663898734996,
    0.38789717121144346,
    0.3870138937685436,
    0.38621798244310457,
    0.3854790679183645,
    0.384794480500442,
    0.38414559136012755,
    0.38356740202755896,
    0.38303435767673083,
    0.3825212786146721,
    0.38203659762692865,
    0.38162579477273656,
    0.38120054262398106,
    0.3808268952359527,
    0.38046039387478287,
    0.38012368069462465,
    0.379768765280756,
    0.3794116879691936,
    0.37909121603957824,
    0.3788464057616147,
    0.3786077838844117,
    0.3784127177682825,
    0.37818911232074803,
    0.37794886432616304,
    0.3777510138778348,
    0.3775397022427018,
    0.3773885805890506,
    0.37723318707671255,
    0.3770510034234143,
    0.3768964444424498,
    0.37675799437161644,
    0.37665086715419527,
    0.3765118824241657,
    0.37640112307247664,
    0.37625112847414266,
    0.3761261964173608,
    0.37602435400616085,
    0.37593553844138333,
    0.3758396542599228,
    0.3757290526619383,
    0.3756209938069661,
    0.37555161753814165,
    0.3754655090828477,
    0.37538833280938405,
    0.37530471538140986,
    0.3752363854391677,
    0.37514805136228613,
    0.3750260115549813,
    0.3749563354629901,
    0.37488350589052094,
    0.37481985638675686,
    0.37475526495407957,
    0.3747116241359683,
    0.3746331243837653,
    0.37454484989357945,
    0.37448923940310347,
    0.3744276470202548,
    0.3743834307593324,
    0.37434395130883585,
    0.3742640177896078,
    0.3742292812490027,
    0.3741923472209973,
    0.3741356954712848,
    0.3740903016382246,
    0.37405358264299543,
    0.374029876406864,
    0.37400333003366576,
    0.3739665923362382,
    0.3739445848510109,
    0.3738999504334559,
    0.3738730495837534,
    0.3738476059247864,
    0.37381577489134316,
    0.37376573135425023,
    0.3737366680822113,
    0.3736957113429806,
    0.3736724449814902,
    0.3736417510776692,
    0.37362496244139337,
    0.37358826453187,
    0.37354913104081194,
    0.3735176013751048,
    0.37346617437854973,
    0.37346245126359084,
    0.3734356353439542,
    0.3734266993645266,
    0.3734020765912838,
    0.37336330363610826,
    0.37330892585859216,
    0.3732747582916578,
    0.3732644601074739,
    0.3732157091216975,
    0.3731844872943995,
    0.37316545400011797,
    0.3731569555158772,
    0.37312673837026594,
    0.37309537033147133,
    0.37306926280471114,
    0.3730557551614472,
    0.3730174528248264,
    0.3729963850984859,
    0.37297119410383045,
    0.3729529191711367,
    0.372921890650909,
    0.372846095257119,
    0.37282297396526776,
    0.37279855851574784,
    0.37276722976562254,
    0.3727386152542161,
    0.37272308041800223,
    0.3726960357018921,
    0.3726923687316062,
    0.37268109032115704,
    0.37264080229391155,
    0.37262273549622277,
    0.3726244104541843,
    0.3725977043972338,
    0.3725795996005486,
    0.37256583557248507,
    0.3725518407454912,
    0.3725085250004933,
    0.3724903422199791,
    0.37244601179742687,
    0.3724206713282655,
    0.3724163733812049,
    0.3724145000615994,
    0.37240331533846494,
    0.3723809826369068,
    0.372365877313504,
    0.3723383705971618,
    0.3723262175376771,
    0.3723124986833819,
    0.37229134430380145,
    0.3722733636531698,
    0.37226515997563386,
    0.37227119509148493,
    0.3722482269624421,
    0.37220597042522463,
    0.37218779600725116,
    0.37218511390630504,
    0.37216677309154345,
    0.3721394529041492,
    0.37213542053948406,
    0.37213451054170843,
    0.3721170511001896,
    0.37211280062379304,
    0.37209988077832895,
    0.37207207315401125,
    0.37203169197618463,
    0.3720373597031013,
    0.37200602150245904,
    0.3719904942260866,
    0.3719722984957798,
    0.37194723731518575,
    0.37192540101440097,
    0.37190632498918896,
    0.3718985891498466,
    0.37189059227418364,
    0.3718667467807964,
    0.37184045948226446,
    0.37182089897701737,
    0.37181468741071266,
    0.3718060674197417,
    0.37179806354379036,
    0.3717684907874362,
    0.37174491840140955,
    0.37174129275579776,
    0.3717052352894375,
    0.371681388364965,
    0.3716784753416933,
    0.3716554182374134,
    0.371633759058723,
    0.37161520758396854,
    0.37159005750259017,
    0.3715779528583239,
    0.37155888657186903,
    0.3715426714103811,
    0.3715234181775529,
    0.37150668921727514,
    0.371494287422339,
    0.37147750714656036,
    0.3714626830360507,
    0.3714518201226456,
    0.3714559376315387,
    0.3714475581097288,
    0.3714345440941315,
    0.3714213548018853,
    0.3713862355890101,
    0.371379982612782,
    0.37136453733124863,
    0.3713417198714966,
    0.3713327576816965,
    0.3712957967834622,
    0.3712814528580629,
    0.3712547880387661,
    0.37122022622625794
  ],
  "val_loss": []
}