{
  "prob_pred": [
    0.05,
    0.15000000000000002,
    0.28520947098731997,
    0.3641793384001805,
    0.4607346448876442,
    0.5575540020610347,
    0.664873407654408,
    0.7571213785321466,
    0.8634743311286674,
    0.9577471436173253
  ],
  "prob_true": [
    0.0,
    0.0,
    0.0,
    0.038461538461538464,
    0.01834862385321101,
    0.1111111111111111,
    0.1991388589881593,
    0.3373651520104609,
    0.5722918869919927,
    0.8960313327257735
  ],
  "count": [
    0,
    0,
    5,
    26,
    109,
    198,
    929,
    3059,
    13238,
    92172
  ]
}