{
  "top_percent": [
    1,
    5,
    10,
    20,
    30
  ],
  "capture_rate": [
    0.011476145152997035,
    0.05739166584616058,
    0.11443324909470828,
    0.22862581640355772,
    0.3417790760007439
  ],
  "lift": [
    1.1479911253503032,
    1.1480007005640316,
    1.1443950626680859,
    1.1431394991962824,
    1.1392912722970119
  ]
}