{
  "model_name": "XGBoost_Churn_v2",
  "model_key": "xgboost",
  "model_type": "tree",
  "label_name": "churn",
  "horizon_days": 7,
  "n_train": 109378,
  "n_test": 109736,
  "positive_rate": 0.8329718597360939,
  "roc_auc": 0.7908139525026298,
  "pr_auc": 0.9360773321358318,
  "best_threshold": 0.43,
  "precision": 0.850586669665617,
  "recall": 0.9929327075606901,
  "f1": 0.9162641145620385,
  "confusion_matrix": {
    "tn": 2386,
    "fp": 15943,
    "fn": 646,
    "tp": 90761
  }
}