{
  "model_name": "XGBoost_Churn_v2",
  "model_key": "xgboost",
  "model_type": "tree",
  "label_name": "churn",
  "horizon_days": 7,
  "n_train": 92971,
  "n_test": 109736,
  "positive_rate": 0.8329718597360939,
  "roc_auc": 0.7841333548372271,
  "pr_auc": 0.9337211169826415,
  "best_threshold": 0.8,
  "precision": 0.8553742529171805,
  "recall": 0.9864124191801503,
  "f1": 0.9162318295675679,
  "confusion_matrix": {
    "tn": 3084,
    "fp": 15245,
    "fn": 1242,
    "tp": 90165
  }
}