{
  "feature": [
    "tenure_days",
    "ndays",
    "recency_days",
    "n_view",
    "n_events",
    "n_sessions",
    "n_categories",
    "cart_purchase_ratio",
    "cat_entropy",
    "n_remove_from_cart",
    "n_cart",
    "max_price",
    "std_price",
    "events_per_session",
    "n_brands",
    "min_price",
    "avg_price",
    "remove_ratio",
    "brand_loyalty",
    "purchase_avg_price",
    "n_purchase",
    "purch_amt"
  ],
  "mean_abs_shap": [
    0.37412717938423157,
    0.3627643585205078,
    0.3020187020301819,
    0.16424916684627533,
    0.1128871738910675,
    0.08065956830978394,
    0.035060472786426544,
    0.03428689017891884,
    0.0262615829706192,
    0.02046760357916355,
    0.019364360719919205,
    0.01603996567428112,
    0.01406110730022192,
    0.009648275561630726,
    0.005235773976892233,
    0.005018616560846567,
    0.0039569903165102005,
    0.00344983977265656,
    0.0019661691039800644,
    0.0015049994690343738,
    0.0008303719805553555,
    0.00023549122852273285
  ],
  "rank": [
    1,
    2,
    3,
    4,
    5,
    6,
    7,
    8,
    9,
    10,
    11,
    12,
    13,
    14,
    15,
    16,
    17,
    18,
    19,
    20,
    21,
    22
  ],
  "note": "XGBoost native TreeSHAP (mean|SHAP|) on test set"
}