{
  "feature": [
    "ndays",
    "n_view",
    "tenure_days",
    "n_categories",
    "n_sessions",
    "n_events",
    "recency_days",
    "n_cart",
    "n_brands",
    "cart_purchase_ratio",
    "cat_entropy",
    "purch_amt",
    "n_purchase",
    "n_remove_from_cart",
    "std_price",
    "events_per_session",
    "max_price",
    "brand_loyalty",
    "purchase_avg_price",
    "remove_ratio",
    "min_price",
    "avg_price"
  ],
  "mean_abs_shap": [
    0.35763370990753174,
    0.16743060946464539,
    0.08625524491071701,
    0.07309248298406601,
    0.05730155482888222,
    0.056663043797016144,
    0.03189120814204216,
    0.02848757989704609,
    0.019940676167607307,
    0.013080540113151073,
    0.012009542435407639,
    0.011958339251577854,
    0.011702417396008968,
    0.010332520119845867,
    0.00947737880051136,
    0.008726806379854679,
    0.008634570054709911,
    0.00815888773649931,
    0.007654248736798763,
    0.007618395145982504,
    0.006658341735601425,
    0.00529205147176981
  ],
  "rank": [
    1,
    2,
    3,
    4,
    5,
    6,
    7,
    8,
    9,
    10,
    11,
    12,
    13,
    14,
    15,
    16,
    17,
    18,
    19,
    20,
    21,
    22
  ],
  "note": "feature_importances_(gain) proxy; replace with TreeSHAP if shap installed"
}