{
  "threshold": [
    0.05,
    0.1,
    0.15,
    0.2,
    0.25,
    0.3,
    0.35,
    0.4,
    0.45,
    0.5,
    0.55,
    0.6,
    0.65,
    0.7,
    0.75,
    0.8,
    0.85,
    0.9,
    0.95
  ],
  "precision": [
    0.8329718597360939,
    0.8329718597360939,
    0.8329718597360939,
    0.8329718597360939,
    0.8329718597360939,
    0.8330098149110097,
    0.8330781429430744,
    0.833198122236908,
    0.8335096294134812,
    0.8340085404576809,
    0.8345248856383707,
    0.8353169162141904,
    0.8370398878412183,
    0.8407655643547927,
    0.847015829806276,
    0.8553742529171805,
    0.8700573319936167,
    0.8960313327257735,
    0.9319955063787877
  ],
  "recall": [
    1.0,
    1.0,
    1.0,
    1.0,
    1.0,
    1.0,
    1.0,
    0.9999890599188246,
    0.9999890599188246,
    0.9999671797564738,
    0.9999015392694214,
    0.999726497970615,
    0.9993435951294759,
    0.9977025829531655,
    0.9939720152723533,
    0.9864124191801503,
    0.9662607896550592,
    0.9035303641953023,
    0.6625531961447154
  ],
  "f1": [
    0.9088757749461825,
    0.9088757749461825,
    0.9088757749461825,
    0.9088757749461825,
    0.9088757749461825,
    0.9088983682844615,
    0.9089390391241442,
    0.9090059270456263,
    0.9091912806918949,
    0.9094789630005522,
    0.9097587195413283,
    0.9101566196060855,
    0.9110193579271759,
    0.9125357721787508,
    0.9146285604989103,
    0.9162318295675679,
    0.9156390439609996,
    0.899765223691163,
    0.7745095531626468
  ]
}