{
  "threshold": [
    0.05,
    0.06,
    0.07,
    0.08,
    0.09,
    0.1,
    0.11,
    0.12,
    0.13,
    0.14,
    0.15,
    0.16,
    0.17,
    0.18,
    0.19,
    0.2,
    0.21,
    0.22,
    0.23,
    0.24,
    0.25,
    0.26,
    0.27,
    0.28,
    0.29,
    0.3,
    0.31,
    0.32,
    0.33,
    0.34,
    0.35,
    0.36,
    0.37,
    0.38,
    0.39,
    0.4,
    0.41,
    0.42,
    0.43,
    0.44,
    0.45,
    0.46,
    0.47,
    0.48,
    0.49,
    0.5,
    0.51,
    0.52,
    0.53,
    0.54,
    0.55,
    0.56,
    0.57,
    0.58,
    0.59,
    0.6,
    0.61,
    0.62,
    0.63,
    0.64,
    0.65,
    0.66,
    0.67,
    0.68,
    0.69,
    0.7,
    0.71,
    0.72,
    0.73,
    0.74,
    0.75,
    0.76,
    0.77,
    0.78,
    0.79,
    0.8,
    0.81,
    0.82,
    0.83,
    0.84,
    0.85,
    0.86,
    0.87,
    0.88,
    0.89,
    0.9,
    0.91,
    0.92,
    0.93,
    0.94,
    0.95
  ],
  "precision": [
    0.8329718597360939,
    0.8329718597360939,
    0.8329718597360939,
    0.8329794504943728,
    0.8329946324259794,
    0.8330249979494938,
    0.8331464821853382,
    0.8332376186178795,
    0.8333652434743761,
    0.83354611610644,
    0.833763580139929,
    0.8340450771055753,
    0.8342886872706694,
    0.834558387129174,
    0.8349106588226697,
    0.8353229374234474,
    0.835720295580919,
    0.836154831625183,
    0.8365883807169345,
    0.8371100013744445,
    0.8376861565549116,
    0.8382711970189254,
    0.8387790158272324,
    0.8392582990889618,
    0.839993741486581,
    0.8406032076497195,
    0.8412636937036627,
    0.8419415288893812,
    0.8425726562860971,
    0.8432437433501411,
    0.8439387203141788,
    0.8446771216856631,
    0.845504522407741,
    0.8462611477406936,
    0.8471331054842104,
    0.847899880632647,
    0.8487358855338981,
    0.8497483017384958,
    0.850586669665617,
    0.8514553990610328,
    0.8525756221479983,
    0.8534191821112767,
    0.8544291840628719,
    0.8557060327682545,
    0.8569068641412703,
    0.8580156449249158,
    0.8591285930985795,
    0.8604052657762811,
    0.8617665403252891,
    0.8630191039892209,
    0.8640620172999691,
    0.8651799633972751,
    0.8664646052516539,
    0.8680445151033387,
    0.8696490815806995,
    0.8713775776110451,
    0.8728818580400521,
    0.8744334130109201,
    0.8760230070675957,
    0.8777754388075262,
    0.8793948068704137,
    0.8808478717041572,
    0.8827123346355097,
    0.8845577365308804,
    0.8865284170243575,
    0.888379412040559,
    0.890535869987709,
    0.8924065395788715,
    0.8944693508522271,
    0.8968689860963954,
    0.8989676080187906,
    0.9007089848926584,
    0.9029230356663985,
    0.9049919120391842,
    0.9074165395598472,
    0.910084219599986,
    0.912492735402607,
    0.9146991438562643,
    0.916829373119666,
    0.9188803663709506,
    0.9211573004875545,
    0.9237069819671049,
    0.9262990455991517,
    0.9294688870905916,
    0.9321493692278043,
    0.9346399157842591,
    0.9383062907301503,
    0.9416829255195375,
    0.9443378502618219,
    0.9488393220014822,
    0.9529297820823245
  ],
  "recall": [
    1.0,
    1.0,
    1.0,
    1.0,
    1.0,
    1.0,
    1.0,
    1.0,
    0.9999890599188246,
    0.9999781198376492,
    0.9999562396752983,
    0.9999562396752983,
    0.9999562396752983,
    0.9999234194317722,
    0.9998796591070706,
    0.9997702582953165,
    0.9997155578894396,
    0.9996499174023872,
    0.9995733368341593,
    0.9994639360224052,
    0.9993545352106513,
    0.9991904339930202,
    0.9989606922883367,
    0.9987418906648288,
    0.9984683886354436,
    0.9982824072554618,
    0.9980636056319538,
    0.9977901036025687,
    0.9975056614920083,
    0.9971008784885184,
    0.9968054962967825,
    0.996411653374468,
    0.9960834509392059,
    0.9955583270427867,
    0.9951754242016476,
    0.9946940606299298,
    0.994179876814686,
    0.9935344120253372,
    0.9929327075606901,
    0.9920465609854825,
    0.9913463957902567,
    0.9903946087279968,
    0.989585042721017,
    0.9884800945223013,
    0.9874298467294628,
    0.9863795989366241,
    0.9851871300885052,
    0.983874320347457,
    0.9825177502817071,
    0.9810189591606769,
    0.979170085442034,
    0.9774743728598466,
    0.9757786602776592,
    0.9736453444484559,
    0.9716870699180588,
    0.9694334131959259,
    0.9670484754996882,
    0.9645103766669949,
    0.961414333694356,
    0.9579791482052796,
    0.9544455019856247,
    0.950616473574234,
    0.9467765050816677,
    0.9426302143161902,
    0.9377181178684346,
    0.9326200400406971,
    0.9274016213200302,
    0.9208266325336134,
    0.9145689061012833,
    0.9075344339054996,
    0.9002264596803309,
    0.8922839607469888,
    0.8840460796219108,
    0.8752502543568873,
    0.8656229829225333,
    0.8547266620718326,
    0.8416751452295776,
    0.8298707976413185,
    0.8168083407178881,
    0.8033958011968448,
    0.7854431279880096,
    0.7649304757841303,
    0.7453805507236864,
    0.7162361744724146,
    0.687912304309298,
    0.6604964608837398,
    0.6174691216208824,
    0.5755467305567408,
    0.5169078954565843,
    0.4342008817705427,
    0.3229183760543503
  ],
  "f1": [
    0.9088757749461825,
    0.9088757749461825,
    0.9088757749461825,
    0.908880293523978,
    0.9088893308143582,
    0.9089074059342932,
    0.9089797136038186,
    0.9090339519064383,
    0.9091053757024218,
    0.9092084649242782,
    0.9093287702577674,
    0.9094961616342533,
    0.9096409822605926,
    0.9097876830275823,
    0.9099788425637835,
    0.910178328660568,
    0.9103914799926277,
    0.9106220133840258,
    0.9108472650058319,
    0.9111108894894835,
    0.9114065500985259,
    0.9116844096405987,
    0.9118889499176113,
    0.9120808855852616,
    0.9124008417516832,
    0.9126825365073015,
    0.912980170226819,
    0.9132646419738252,
    0.9135165462724549,
    0.9137409018908026,
    0.9140246073902423,
    0.9142917373540661,
    0.9146378827984911,
    0.9148587513823263,
    0.9152061492645431,
    0.915449634764573,
    0.9157186186882174,
    0.916033306267368,
    0.9162641145620385,
    0.9163900215757906,
    0.9167391700220545,
    0.9168189989113097,
    0.9170540317225367,
    0.9173134616263192,
    0.9175498254014243,
    0.9177307635541939,
    0.9178498262207863,
    0.9180068493500263,
    0.9181891607283434,
    0.9182436307036946,
    0.9180218574190604,
    0.9179054644078941,
    0.9178784230187398,
    0.9178174017964875,
    0.9178408486144911,
    0.9177938891765924,
    0.9175554690541067,
    0.9172657753732508,
    0.9167344724708435,
    0.916125252398439,
    0.9153844136085827,
    0.9144032748587244,
    0.9136227355263713,
    0.9126711331197204,
    0.9114050570997172,
    0.9099623197378394,
    0.9085949474270892,
    0.9063938618925831,
    0.9044074691130969,
    0.9021701893953812,
    0.8995965934558494,
    0.8964766788122599,
    0.8933848526558432,
    0.8898726433457539,
    0.8860271886407919,
    0.8815372290611213,
    0.8756544502617801,
    0.8702226148207208,
    0.8639335346732854,
    0.857266264314815,
    0.8479040077474063,
    0.8368541369941712,
    0.8260497935875752,
    0.8090383332097576,
    0.7916205055896868,
    0.7740107562034063,
    0.7448056532439512,
    0.7144370357293208,
    0.6681089641617353,
    0.5957699120357861,
    0.4823748590478992
  ]
}