{
  "epoch": [
    1,
    2,
    3,
    4,
    5,
    6,
    7,
    8,
    9,
    10,
    11,
    12,
    13,
    14,
    15,
    16,
    17,
    18,
    19,
    20,
    21,
    22,
    23,
    24,
    25,
    26,
    27,
    28,
    29,
    30,
    31,
    32,
    33,
    34,
    35,
    36,
    37,
    38,
    39,
    40,
    41,
    42,
    43,
    44,
    45,
    46,
    47,
    48,
    49,
    50,
    51,
    52,
    53,
    54,
    55,
    56,
    57,
    58,
    59,
    60,
    61,
    62,
    63,
    64,
    65,
    66,
    67,
    68,
    69,
    70,
    71,
    72,
    73,
    74,
    75,
    76,
    77,
    78,
    79,
    80,
    81,
    82,
    83,
    84,
    85,
    86,
    87,
    88,
    89,
    90,
    91,
    92,
    93,
    94,
    95,
    96,
    97,
    98,
    99,
    100,
    101,
    102,
    103,
    104,
    105,
    106,
    107,
    108,
    109,
    110,
    111,
    112,
    113,
    114,
    115,
    116,
    117,
    118,
    119,
    120,
    121,
    122,
    123,
    124,
    125,
    126,
    127,
    128,
    129,
    130,
    131,
    132,
    133,
    134,
    135,
    136,
    137,
    138,
    139,
    140,
    141,
    142,
    143,
    144,
    145,
    146,
    147,
    148,
    149,
    150
  ],
  "train_loss": [
    0.4699074136362786,
    0.46659174957081495,
    0.46357008729768456,
    0.46079441022854206,
    0.4583052784209932,
    0.4560137683037496,
    0.4539707005904681,
    0.4520835556946802,
    0.4503273238565866,
    0.4487731586151037,
    0.44730195262912326,
    0.4459464767285707,
    0.444682144684185,
    0.4436040745435612,
    0.4425789734384697,
    0.44170171573144745,
    0.440914003490758,
    0.44017677838485747,
    0.4394898644255041,
    0.43892270855994997,
    0.438374216406805,
    0.4379217587455881,
    0.43753338148166193,
    0.4371536119205168,
    0.43685695447635214,
    0.4366232939973677,
    0.43643443895433415,
    0.4362772536065035,
    0.43614936063152854,
    0.43607236791422016,
    0.43600849171798123,
    0.4360076984533724,
    0.4360124218552499,
    0.43607219655383156,
    0.436130052368367,
    0.43623394238540886,
    0.43635179156730847,
    0.43645626418712047,
    0.436571004065576,
    0.43670586054173527,
    0.4368361586480081,
    0.43697007887778727,
    0.43717561979306185,
    0.4374035904881291,
    0.4376235521059688,
    0.43786433528879526,
    0.43808383651094496,
    0.43836450459875803,
    0.4386101193907417,
    0.43888658303432665,
    0.43914707901400024,
    0.43938091691963693,
    0.43963853886557325,
    0.4398808289572956,
    0.4401409016815071,
    0.4403817078101039,
    0.44065235947920006,
    0.44092722415306684,
    0.44112621474004127,
    0.44141616539162964,
    0.44166932356002514,
    0.44192766075051937,
    0.4421932723537379,
    0.4425084672925271,
    0.4427762516746078,
    0.4430083482988553,
    0.44325329577320594,
    0.4434922567802354,
    0.44374226177160014,
    0.44399358319481186,
    0.44420919017368293,
    0.4444532536961207,
    0.444703394403396,
    0.4448879948507447,
    0.4451327140145382,
    0.445356762738296,
    0.4455897092128097,
    0.44579836021698843,
    0.44601159575549704,
    0.44621956957714176,
    0.44640826493069474,
    0.44663713469088323,
    0.4468352665005544,
    0.447003753300543,
    0.4471442069603231,
    0.447317916613173,
    0.4475202107539639,
    0.4477145170068062,
    0.4478542901521131,
    0.4480340279702838,
    0.44820768523384225,
    0.4483382427933555,
    0.4484716482231943,
    0.44865284298584807,
    0.44883781581271776,
    0.4489587928032931,
    0.4490540012114363,
    0.44916404115835296,
    0.4493171548877018,
    0.4494432636464563,
    0.4495385416894214,
    0.44959252968963964,
    0.44970321463361146,
    0.4497858317349979,
    0.4498754238609113,
    0.44998924616888375,
    0.45007368015738997,
    0.45017968306631045,
    0.45025003451658935,
    0.45033578454162804,
    0.45039400088734916,
    0.4504705319392791,
    0.4504996998003942,
    0.45052174795294364,
    0.4506303148924444,
    0.4506678902768219,
    0.45076894373468335,
    0.45081189065807054,
    0.4508329522682829,
    0.45084861241559276,
    0.4509024896645664,
    0.4509621820624854,
    0.45103196639159027,
    0.45109407325835504,
    0.4510865226269713,
    0.45108613382916224,
    0.4511257674650893,
    0.45112515287991195,
    0.4511522991297297,
    0.4511591807310153,
    0.451182910668226,
    0.4511790700200567,
    0.4512028714047379,
    0.4512896584010408,
    0.45131030650734577,
    0.4513000628460609,
    0.45132715972711723,
    0.4514010810875756,
    0.4513835868215497,
    0.4513993454778768,
    0.45138972533311383,
    0.4513750351474417,
    0.45137882642299293,
    0.45139966289830674,
    0.45142200407747846,
    0.451407015915674,
    0.45139542867343374,
    0.45141190943617,
    0.4513638394562778,
    0.4513879206015413
  ],