{
  "prob_pred": [
    0.09154052713087626,
    0.16323761924508878,
    0.2556861920372196,
    0.3533724307291982,
    0.45415122075136316,
    0.554261845573629,
    0.6547950007876412,
    0.7545428699224338,
    0.857935467864041,
    0.9434297424455909
  ],
  "prob_true": [
    0.0,
    0.06422018348623854,
    0.160188457008245,
    0.24829674489023468,
    0.35348837209302325,
    0.45706698141044555,
    0.5868503662364841,
    0.7041139240506329,
    0.8354430379746836,
    0.9346399157842591
  ],
  "count": [
    7,
    327,
    849,
    1321,
    2150,
    3389,
    5734,
    10112,
    21251,
    64596
  ]
}