{
  "top_percent": [
    1,
    5,
    10,
    20,
    30
  ],
  "capture_rate": [
    0.011563665802400255,
    0.05761046746966862,
    0.11476145152997035,
    0.22938068200466047,
    0.3428512039559333
  ],
  "lift": [
    1.156746062435911,
    1.152377371172358,
    1.1476772664807096,
    1.1469138615967296,
    1.1428651189947843
  ]
}