{
  "feature": [
    "n_view",
    "ndays",
    "n_categories",
    "n_sessions",
    "tenure_days",
    "n_events",
    "recency_days",
    "n_remove_from_cart",
    "n_cart",
    "std_price",
    "n_brands",
    "cart_purchase_ratio",
    "cat_entropy",
    "max_price",
    "events_per_session",
    "min_price",
    "brand_loyalty",
    "purch_amt",
    "purchase_avg_price",
    "remove_ratio",
    "n_purchase",
    "avg_price"
  ],
  "mean_abs_shap": [
    0.3252812623977661,
    0.2610675096511841,
    0.0927906334400177,
    0.08813480287790298,
    0.06122175231575966,
    0.06047773361206055,
    0.02994062937796116,
    0.011308612301945686,
    0.009050619788467884,
    0.008993887342512608,
    0.007368474267423153,
    0.006387514062225819,
    0.006281576585024595,
    0.00455119414255023,
    0.003863430814817548,
    0.0038012112490832806,
    0.003678611945360899,
    0.003510529175400734,
    0.003492174670100212,
    0.0034223110415041447,
    0.0027366180438548326,
    0.0026389085687696934
  ],
  "rank": [
    1,
    2,
    3,
    4,
    5,
    6,
    7,
    8,
    9,
    10,
    11,
    12,
    13,
    14,
    15,
    16,
    17,
    18,
    19,
    20,
    21,
    22
  ],
  "note": "feature_importances_(gain) proxy; replace with TreeSHAP if shap installed"
}