{
  "threshold": [
    0.05,
    0.1,
    0.15,
    0.2,
    0.25,
    0.3,
    0.35,
    0.4,
    0.45,
    0.5,
    0.55,
    0.6,
    0.65,
    0.7,
    0.75,
    0.8,
    0.85,
    0.9,
    0.95
  ],
  "precision": [
    0.8329718597360939,
    0.8330249979494938,
    0.833763580139929,
    0.8353229374234474,
    0.8376861565549116,
    0.8406032076497195,
    0.8439387203141788,
    0.847899880632647,
    0.8525756221479983,
    0.8580156449249158,
    0.8640620172999691,
    0.8713775776110451,
    0.8793948068704137,
    0.888379412040559,
    0.8989676080187906,
    0.910084219599986,
    0.9211573004875545,
    0.9346399157842591,
    0.9529297820823245
  ],
  "recall": [
    1.0,
    1.0,
    0.9999562396752983,
    0.9997702582953165,
    0.9993545352106513,
    0.9982824072554618,
    0.9968054962967825,
    0.9946940606299298,
    0.9913463957902567,
    0.9863795989366241,
    0.979170085442034,
    0.9694334131959259,
    0.9544455019856247,
    0.9326200400406971,
    0.9002264596803309,
    0.8547266620718326,
    0.7854431279880096,
    0.6604964608837398,
    0.3229183760543503
  ],
  "f1": [
    0.9088757749461825,
    0.9089074059342932,
    0.9093287702577674,
    0.910178328660568,
    0.9114065500985259,
    0.9126825365073015,
    0.9140246073902423,
    0.915449634764573,
    0.9167391700220545,
    0.9177307635541939,
    0.9180218574190604,
    0.9177938891765924,
    0.9153844136085827,
    0.9099623197378394,
    0.8995965934558494,
    0.8815372290611213,
    0.8479040077474063,
    0.7740107562034063,
    0.4823748590478992
  ]
}