{
  "epoch": [
    1,
    2,
    3,
    4,
    5,
    6,
    7,
    8,
    9,
    10,
    11,
    12,
    13,
    14,
    15,
    16,
    17,
    18,
    19,
    20,
    21,
    22,
    23,
    24,
    25,
    26,
    27,
    28,
    29,
    30,
    31,
    32,
    33,
    34,
    35,
    36,
    37,
    38,
    39,
    40,
    41,
    42,
    43,
    44,
    45,
    46,
    47,
    48,
    49,
    50,
    51,
    52,
    53,
    54,
    55,
    56,
    57,
    58,
    59,
    60,
    61,
    62,
    63,
    64,
    65,
    66,
    67,
    68,
    69,
    70,
    71,
    72,
    73,
    74,
    75,
    76,
    77,
    78,
    79,
    80,
    81,
    82,
    83,
    84,
    85,
    86,
    87,
    88,
    89,
    90,
    91,
    92,
    93,
    94,
    95,
    96,
    97,
    98,
    99,
    100,
    101,
    102,
    103,
    104,
    105,
    106,
    107,
    108,
    109,
    110,
    111,
    112,
    113,
    114,
    115,
    116,
    117,
    118,
    119,
    120,
    121,
    122,
    123,
    124,
    125,
    126,
    127,
    128,
    129,
    130,
    131,
    132,
    133,
    134,
    135,
    136,
    137,
    138,
    139,
    140,
    141,
    142,
    143,
    144,
    145,
    146,
    147,
    148,
    149,
    150,
    151,
    152,
    153,
    154,
    155,
    156,
    157,
    158,
    159,
    160,
    161,
    162,
    163,
    164,
    165,
    166,
    167,
    168,
    169,
    170,
    171,
    172,
    173,
    174,
    175,
    176,
    177,
    178,
    179,
    180,
    181,
    182,
    183,
    184,
    185,
    186,
    187,
    188,
    189,
    190,
    191,
    192,
    193,
    194,
    195,
    196,
    197,
    198,
    199,
    200,
    201,
    202,
    203,
    204,
    205,
    206,
    207,
    208,
    209,
    210,
    211,
    212,
    213,
    214,
    215,
    216,
    217,
    218,
    219,
    220,
    221,
    222,
    223,
    224,
    225,
    226,
    227,
    228,
    229,
    230,
    231,
    232,
    233,
    234,
    235,
    236,
    237,
    238,
    239,
    240,
    241,
    242,
    243,
    244,
    245,
    246,
    247,
    248,
    249,
    250
  ],
  "train_loss": [
    0.46707110461129964,
    0.4614075558615079,
    0.45621131115184427,
    0.4512914197346096,
    0.44680653981209567,
    0.44255757183297006,
    0.4386341277979327,
    0.43497156443695545,
    0.43153901342924816,
    0.4283115337275914,
    0.42529886207124407,
    0.4224606209698985,
    0.41977562926417156,
    0.4172956440038867,
    0.4149605727411101,
    0.41269356902574916,
    0.4105701485959743,
    0.40860148696642506,
    0.40668768951422307,
    0.40491074304049895,
    0.4032263839776597,
    0.4016310338389146,
    0.40013923382537414,
    0.39873135885107847,
    0.3974174908558934,
    0.3961301955266334,
    0.3949135479148134,
    0.3937596566849099,
    0.3926423816373594,
    0.39162578161574063,
    0.39062204486035595,
    0.38967437694681706,
    0.3887872189259121,
    0.3879457685049665,
    0.3871405655898101,
    0.3863861081923269,
    0.3856659036805918,
    0.38500821933062557,
    0.38434321297404067,
    0.383730106339515,
    0.38316677190748544,
    0.3825975073461176,
    0.3820525789960869,
    0.3815458397510244,
    0.38107186884891475,
    0.3806239794009609,
    0.38020428711082077,
    0.37978633741446904,
    0.37937942248900214,
    0.3790062163816328,
    0.3786538584364664,
    0.3783112995982629,
    0.3779847979913156,
    0.3776744752508589,
    0.37739281235922983,
    0.37710413407664395,
    0.3768299310157946,
    0.37656743963278644,
    0.3763025952040736,
    0.37607382341838436,
    0.3758550786384081,
    0.37562704874228253,
    0.3754078416002329,
    0.37520739443257684,
    0.3749774947982714,
    0.3747895361181635,
    0.37459958295673623,
    0.374430275560676,
    0.37426140502930483,
    0.37409989761472373,
    0.3739208519502979,
    0.37378327489125657,
    0.3736193087845335,
    0.37349162543700903,
    0.37335761123337513,
    0.37322408723987355,
    0.37310418119706273,
    0.37294805065178455,
    0.3728252356298173,
    0.37272581998272114,
    0.37262321485877753,
    0.3725041912317172,
    0.37238574541135744,
    0.3722796670827328,
    0.3721730700187927,
    0.3720725854237965,
    0.371990970615507,
    0.37189481537175023,
    0.37181007518263437,
    0.3717345515618468,
    0.37166567500097936,
    0.3715776579322427,
    0.3714891238419985,
    0.37140190595099076,
    0.37133443816097433,
    0.3712596163441037,
    0.3711902928934572,
    0.3711337707562116,
    0.3710729268823688,
    0.37100295702641894,
    0.3709321038108453,
    0.3708801257230551,
    0.37083234367030626,
    0.3707740732409181,
    0.37072476230454926,
    0.3706765427411169,
    0.37063476465854706,
    0.37058961641798643,
    0.3705356431905531,
    0.3704904032971158,
    0.3704380012002906,
    0.3703997889116929,
    0.3703567031677623,
    0.3703217684010675,
    0.37027572680610543,
    0.37023696495841063,
    0.3702014388016595,
    0.3701347901825376,
    0.3701024970394993,
    0.3700466243826637,
    0.3700131609575489,
    0.3699735343471867,
    0.3699422879618819,
    0.36989030382499927,
    0.3698568169009039,
    0.3698281335424012,
    0.3697778155247284,
    0.36974618719604724,
    0.3697155173876796,
    0.36968503487805837,
    0.3696498387278128,
    0.3696219865062412,
    0.3695820972813048,
    0.3695590429335449,
    0.3695315384526902,
    0.36948982947800535,
    0.36946740977468284,
    0.3694424632823368,
    0.3694131816705083,
    0.36937698488527976,
    0.3693358891256726,
    0.36930508960651004,
    0.3692714139648783,
    0.3692493031514642,
    0.36922787749845665,
    0.3691976723315518,
    0.36915172725143724,
    0.3691213097461529,
    0.36908874916587353,
    0.36907060868830616,
    0.36904964571200777,
    0.3690247798453685,
    0.3689958873461708,
    0.36897314418746285,
    0.3689509737299638,
    0.36892954793343224,
    0.3689014344098808,
    0.3688788000582386,
    0.36886298675686446,
    0.3688372480395657,
    0.36881500464252565,
    0.36879869662588316,
    0.3687863496516498,
    0.3687679353369086,
    0.36875306936035923,
    0.368727866794716,
    0.36870946363697704,
    0.3686845795120626,
    0.3686709670295904,
    0.36864787407154564,
    0.36863137991255734,
    0.36861452723305166,
    0.36859095069218434,
    0.3685816037924405,
    0.368555571816889,
    0.3685367908914243,
    0.36852277925038734,
    0.3685059603729066,
    0.36848980697263656,
    0.36847764794437016,
    0.3684637178915775,
    0.3684452872035829,
    0.36841394479987255,
    0.3683970852041358,
    0.36837756040694974,
    0.36836642808991504,
    0.3683486301488705,
    0.36832699786946127,
    0.3683048928168654,
    0.3682811430905974,
    0.36827076478620835,
    0.36825614187362854,
    0.3682476650664234,
    0.3682340041739779,
    0.3682261326300256,
    0.3682105106180748,
    0.3682028094007245,
    0.36819031149116654,
    0.3681807478546135,
    0.3681617655452576,
    0.36814135759756916,
    0.3681264908393689,
    0.36811370116950104,
    0.36810442492486817,
    0.36808953204614264,
    0.3680675733895743,
    0.36803770507633476,
    0.36802210165711713,
    0.36800401766566293,
    0.36796927696950193,
    0.36795502699145677,
    0.3679463964925092,
    0.36793178937268356,
    0.3679207550204843,
    0.36790738078064317,
    0.3678909175701261,
    0.3678705915256584,
    0.3678582387068561,
    0.36784752145642957,
    0.3678358381240429,
    0.3678191963477444,
    0.3678110237900639,
    0.36779743924560004,
    0.36778172916883967,
    0.36775063668089064,
    0.36774071887071885,
    0.36772349702069373,
    0.3677111303951777,
    0.3676969676567981,
    0.3676889805014324,
    0.3676765315602769,
    0.3676699479577401,
    0.3676489713051394,
    0.367635535555605,
    0.3676260748043373,
    0.3676205707123074,
    0.36760416427740383,
    0.36759105881375986,
