{
  "feature": [
    "ndays",
    "tenure_days",
    "recency_days",
    "std_price",
    "n_categories",
    "n_view",
    "n_brands",
    "n_events",
    "cart_purchase_ratio",
    "n_sessions",
    "cat_entropy",
    "remove_ratio",
    "brand_loyalty",
    "min_price",
    "max_price",
    "purch_amt",
    "avg_price",
    "n_purchase",
    "n_remove_from_cart",
    "n_cart",
    "purchase_avg_price",
    "events_per_session"
  ],
  "mean_abs_shap": [
    0.7435401236724707,
    0.13658390233303547,
    0.09089819355328546,
    0.0073898870081646984,
    0.0065562021688167944,
    0.005958747284802406,
    0.0034902192922323647,
    0.002135905346336234,
    0.0010246500849539761,
    0.0008818228209443656,
    0.0007948191868442209,
    0.0007455272481133429,
    0.0,
    0.0,
    0.0,
    0.0,
    0.0,
    0.0,
    0.0,
    0.0,
    0.0,
    0.0
  ],
  "rank": [
    1,
    2,
    3,
    4,
    5,
    6,
    7,
    8,
    9,
    10,
    11,
    12,
    13,
    14,
    15,
    16,
    17,
    18,
    19,
    20,
    21,
    22
  ],
  "note": "feature_importances_ proxy; replace with TreeSHAP if shap installed"
}