{
  "threshold": [
    0.05,
    0.1,
    0.15,
    0.2,
    0.25,
    0.3,
    0.35,
    0.4,
    0.45,
    0.5,
    0.55,
    0.6,
    0.65,
    0.7,
    0.75,
    0.8,
    0.85,
    0.9,
    0.95
  ],
  "precision": [
    0.8329718597360939,
    0.8329718597360939,
    0.8498586496106995,
    0.8568696115562492,
    0.8720990150028737,
    0.8779086788414752,
    0.8844889637812311,
    0.8972997289853959,
    0.9063105676049839,
    0.9094367175815247,
    0.9159057071960298,
    0.9197792652393848,
    0.9318294385159169,
    0.9409516125934037,
    0.9436862490621134,
    0.9518696311268318,
    0.9550469658565678,
    0.0,
    0.0
  ],
  "recall": [
    1.0,
    1.0,
    0.9899351253186298,
    0.985099609439102,
    0.9628037240036321,
    0.9513822792565121,
    0.9302679225879856,
    0.8946688984432265,
    0.859441837058431,
    0.8448258886080935,
    0.8076186725305502,
    0.7877296049536687,
    0.6792149397748531,
    0.5358998763770827,
    0.5091076175785224,
    0.329734046626626,
    0.14015337993807914,
    0.0,
    0.0
  ],
  "f1": [
    0.9088757749461825,
    0.9088757749461825,
    0.9145643824540125,
    0.9165211992284712,
    0.9152094675048487,
    0.9131699428763441,
    0.9068010344184062,
    0.8959823825227614,
    0.8822541791371633,
    0.8759414700544464,
    0.8583604155644828,
    0.8486484256678315,
    0.7857169976081096,
    0.6828795672842346,
    0.6613985218874361,
    0.48979857155625617,
    0.24443575237786322,
    0.0,
    0.0
  ]
}